genre,genreno,filename,anger,anticipation,disgust,fear,joy,negative,positive,sadness,surprise,trust
press_rep,1,ca01,0.024722933,0.047740835,0.006820119,0.029838022,0.021312873,0.049445865,0.10571185,0.026427962,0.011935209,0.111679454
press_rep,1,ca02,0.020733652,0.03907496,0.00877193,0.026315789,0.020733652,0.052631579,0.100478469,0.023125997,0.010366826,0.10446571
press_rep,1,ca03,0.036144578,0.069879518,0.01686747,0.053815261,0.032128514,0.063453815,0.109236948,0.032128514,0.00562249,0.095582329
press_rep,1,ca04,0.026008969,0.0367713,0.006278027,0.040358744,0.020627803,0.068161435,0.130941704,0.021524664,0.013452915,0.110313901
press_rep,1,ca05,0.030891439,0.06972639,0.014121801,0.041482789,0.030008826,0.038834951,0.13945278,0.022065313,0.020300088,0.117387467
press_rep,1,ca06,0.027216857,0.032484636,0.013169447,0.038630378,0.024582968,0.055311677,0.122914838,0.023705004,0.009657594,0.079016681
press_rep,1,ca07,0.020356234,0.055131467,0.009329941,0.030534351,0.030534351,0.04749788,0.13740458,0.012722646,0.015267176,0.078880407
press_rep,1,ca08,0.02610261,0.0450045,0.01170117,0.03780378,0.03060306,0.070207021,0.082808281,0.03870387,0.01620162,0.062106211
press_rep,1,ca09,0.037922506,0.032976092,0.009892828,0.052761748,0.008244023,0.061830173,0.070898599,0.024732069,0.012366035,0.057708162
press_rep,1,ca10,0.022071307,0.061120543,0.006791171,0.0475382,0.031409168,0.03820034,0.117147708,0.015280136,0.011035654,0.08573854
press_rep,1,ca11,0.013687601,0.041062802,0.00805153,0.019323671,0.026570048,0.034621578,0.065217391,0.020128824,0.019323671,0.037037037
press_rep,1,ca12,0.031799163,0.050209205,0.014225941,0.028451883,0.035146444,0.051882845,0.072803347,0.030125523,0.016736402,0.048535565
press_rep,1,ca13,0.017196905,0.034393809,0.010318143,0.01977644,0.027515047,0.034393809,0.069647463,0.013757524,0.022355976,0.051590714
press_rep,1,ca14,0.018771331,0.04778157,0.01109215,0.026450512,0.040102389,0.044368601,0.110921502,0.024744027,0.027303754,0.075938567
press_rep,1,ca15,0.015544041,0.044041451,0.006044905,0.014680484,0.033678756,0.030224525,0.07253886,0.018998273,0.016407599,0.055267703
press_rep,1,ca16,0.015948963,0.055821372,0.011164274,0.018341308,0.045454545,0.03030303,0.093301435,0.022328549,0.023125997,0.06539075
press_rep,1,ca17,0.009819967,0.044189853,0.004909984,0.01391162,0.051554828,0.027823241,0.102291326,0.018003273,0.015548282,0.065466448
press_rep,1,ca18,0.00789266,0.031570639,0.010260458,0.00789266,0.042620363,0.01973165,0.090765588,0.013417522,0.010260458,0.049723757
press_rep,1,ca19,0.023391813,0.036758563,0.010025063,0.047619048,0.020885547,0.051796157,0.091060986,0.029239766,0.009189641,0.07518797
press_rep,1,ca20,0.035245902,0.044262295,0.010655738,0.045081967,0.028688525,0.05,0.081147541,0.018852459,0.020491803,0.054918033
press_rep,1,ca21,0.02905569,0.042776433,0.012106538,0.062953995,0.024213075,0.066989508,0.071832123,0.037933818,0.012106538,0.06779661
press_rep,1,ca22,0.022819886,0.041564792,0.015484923,0.035859821,0.023634882,0.046454768,0.10594947,0.024449878,0.014669927,0.064384678
press_rep,1,ca23,0.016613924,0.049050633,0.011867089,0.02056962,0.04193038,0.036392405,0.094936709,0.027689873,0.016613924,0.086234177
press_rep,1,ca24,0.021634615,0.041666667,0.008814103,0.043269231,0.023237179,0.048878205,0.085737179,0.030448718,0.015224359,0.074519231
press_rep,1,ca25,0.040584416,0.039772727,0.021103896,0.044642857,0.025974026,0.066558442,0.088474026,0.026785714,0.01461039,0.074675325
press_rep,1,ca26,0.013256007,0.033968517,0.004142502,0.011599006,0.018227009,0.026512013,0.068765534,0.008285004,0.010770505,0.044739022
press_rep,1,ca27,0.020593081,0.039538715,0.008237232,0.027182867,0.018121911,0.046128501,0.105436573,0.02553542,0.012355848,0.073311367
press_rep,1,ca28,0.016722408,0.067725753,0.005852843,0.026755853,0.032608696,0.068561873,0.089464883,0.04180602,0.010033445,0.06187291
press_rep,1,ca29,0.011656953,0.043297252,0.005828476,0.013322231,0.041631973,0.023313905,0.09408826,0.018318068,0.014154871,0.059117402
press_rep,1,ca30,0.008122744,0.044223827,0.00631769,0.018050542,0.033393502,0.027978339,0.082129964,0.022563177,0.008122744,0.044223827
press_rep,1,ca31,0.018018018,0.054873055,0.004914005,0.021294021,0.045045045,0.037674038,0.116298116,0.010647011,0.018018018,0.071253071
press_rep,1,ca32,0.025225225,0.042342342,0.006306306,0.014414414,0.051351351,0.04954955,0.118018018,0.027927928,0.020720721,0.058558559
press_rep,1,ca33,0.011383538,0.056042032,0.008756567,0.011383538,0.061295972,0.029772329,0.131348511,0.029772329,0.021891419,0.067425569
press_rep,1,ca34,0.02676182,0.047279215,0.007136485,0.038358608,0.016949153,0.06779661,0.142729706,0.025869759,0.014272971,0.088314005
press_rep,1,ca35,0.024557957,0.041257367,0.015717092,0.038310413,0.033398821,0.055992141,0.162082515,0.030451866,0.023575639,0.107072692
press_rep,1,ca36,0.035217794,0.050973123,0.014828545,0.042632067,0.043558851,0.078776645,0.120481928,0.018535681,0.025949954,0.095458758
press_rep,1,ca37,0.046374368,0.037099494,0.021079258,0.053962901,0.021079258,0.099494098,0.094435076,0.036256324,0.016863406,0.084317032
press_rep,1,ca38,0.027001862,0.043761639,0.00744879,0.032588454,0.034450652,0.083798883,0.072625698,0.026070764,0.029795158,0.038175047
press_rep,1,ca39,0.023648649,0.046452703,0.011824324,0.016047297,0.029560811,0.040540541,0.084459459,0.016891892,0.021114865,0.05152027
press_rep,1,ca40,0.014345992,0.054852321,0.010126582,0.018565401,0.035443038,0.043037975,0.10464135,0.023628692,0.021940928,0.074261603
press_rep,1,ca41,0.022181146,0.046210721,0.009242144,0.04805915,0.026802218,0.066543438,0.095194085,0.018484288,0.021256932,0.058225508
press_rep,1,ca42,0.024850043,0.036846615,0.01285347,0.026563839,0.018851757,0.041988003,0.100257069,0.010282776,0.011139674,0.092544987
press_rep,1,ca43,0.008488964,0.039049236,0.003395586,0.016129032,0.022071307,0.05008489,0.068760611,0.01188455,0.006791171,0.036502547
press_rep,1,ca44,0.010928962,0.044626594,0.003642987,0.013661202,0.029143898,0.030054645,0.147540984,0.014571949,0.012750455,0.091074681
press_ed,1,cb01,0.026385224,0.058927001,0.012313105,0.050131926,0.040457344,0.067722076,0.144239226,0.035180299,0.023746702,0.107299912
press_ed,1,cb02,0.027555556,0.04,0.010666667,0.040888889,0.024888889,0.071111111,0.099555556,0.029333333,0.016,0.084444444
press_ed,1,cb03,0.033431662,0.059980334,0.018682399,0.053097345,0.039331367,0.079646018,0.133726647,0.040314651,0.03539823,0.095378564
press_ed,1,cb04,0.026605505,0.050458716,0.011926606,0.036697248,0.027522936,0.068807339,0.124770642,0.026605505,0.02293578,0.09266055
press_ed,1,cb05,0.030918728,0.06360424,0.00795053,0.026501767,0.043286219,0.065371025,0.120141343,0.02385159,0.020318021,0.085689046
press_ed,1,cb06,0.026064292,0.035621199,0.011294526,0.038227628,0.022589053,0.076455256,0.111207646,0.026064292,0.012163336,0.082536924
press_ed,1,cb07,0.032317636,0.0710988,0.01754386,0.031394275,0.031394275,0.076638966,0.144044321,0.033240997,0.022160665,0.096029548
press_ed,1,cb08,0.024590164,0.078893443,0.017418033,0.034836066,0.075819672,0.069672131,0.146516393,0.035860656,0.032786885,0.099385246
press_ed,1,cb09,0.020676692,0.039473684,0.011278195,0.026315789,0.020676692,0.04887218,0.078007519,0.028195489,0.012218045,0.035714286
press_ed,1,cb10,0.014985015,0.067932068,0.008991009,0.014985015,0.052947053,0.048951049,0.114885115,0.025974026,0.023976024,0.063936064
press_ed,1,cb11,0.016638935,0.034109817,0.011647255,0.038269551,0.024958403,0.054076539,0.110648918,0.017470882,0.012479201,0.064891847
press_ed,1,cb12,0.025157233,0.04851752,0.010781671,0.026954178,0.035040431,0.050314465,0.118598383,0.026055705,0.011680144,0.073674753
press_ed,1,cb13,0.015468608,0.032757052,0.016378526,0.018198362,0.049135578,0.055505005,0.1155596,0.026387625,0.020928116,0.066424022
press_ed,1,cb14,0.049056604,0.044339623,0.032075472,0.05,0.031132075,0.101886792,0.088679245,0.051886792,0.031132075,0.071698113
press_ed,1,cb15,0.010054845,0.056672761,0.005484461,0.041133455,0.031078611,0.049360146,0.144424132,0.033820841,0.018281536,0.110603291
press_ed,1,cb16,0.02461258,0.060164084,0.016408387,0.031905196,0.039197812,0.059252507,0.123974476,0.022789426,0.016408387,0.079307201
press_ed,1,cb17,0.026137464,0.057115198,0.01839303,0.047434656,0.03678606,0.066795741,0.132623427,0.028073572,0.026137464,0.090029042
press_ed,1,cb18,0.034644195,0.058052434,0.014044944,0.046816479,0.036516854,0.070224719,0.129213483,0.02247191,0.018726592,0.109550562
press_ed,1,cb19,0.026440038,0.049102927,0.018885741,0.05476865,0.045325779,0.071765817,0.130311615,0.03871577,0.02266289,0.085930123
press_ed,1,cb20,0.040149393,0.039215686,0.025210084,0.059757236,0.026143791,0.085901027,0.084033613,0.042016807,0.024276377,0.068160598
press_ed,1,cb21,0.029493088,0.043317972,0.016589862,0.057142857,0.026728111,0.086635945,0.09124424,0.025806452,0.01843318,0.067281106
press_ed,1,cb22,0.028751123,0.049415993,0.012578616,0.041329739,0.02785265,0.070979335,0.161725067,0.026055705,0.017070979,0.102425876
press_ed,1,cb23,0.0390625,0.03515625,0.014648438,0.046875,0.021484375,0.078125,0.09375,0.024414063,0.018554688,0.079101563
press_ed,1,cb24,0.019520852,0.046140195,0.021295475,0.023070098,0.032830524,0.057675244,0.07985803,0.031943212,0.020408163,0.047914818
press_ed,1,cb25,0.036346692,0.054054054,0.019571295,0.054054054,0.032618826,0.085740913,0.095060578,0.030754893,0.030754893,0.077353215
press_ed,1,cb26,0.043314501,0.057438795,0.016949153,0.055555556,0.036723164,0.087570621,0.117702448,0.042372881,0.026365348,0.081920904
press_ed,1,cb27,0.02359882,0.042281219,0.012782694,0.034414946,0.030481809,0.075712881,0.110127827,0.030481809,0.019665683,0.079646018
press_rev,1,cc01,0.026450512,0.04778157,0.010238908,0.027303754,0.042662116,0.042662116,0.107508532,0.029010239,0.023890785,0.055460751
press_rev,1,cc02,0.02092415,0.042720139,0.011333915,0.022667829,0.052310375,0.024411508,0.122929381,0.029642546,0.027027027,0.059285092
press_rev,1,cc03,0.017179024,0.040687161,0.008137432,0.028028933,0.05244123,0.046112116,0.14556962,0.028028933,0.025316456,0.079566004
press_rev,1,cc04,0.027573529,0.051470588,0.019301471,0.022977941,0.061580882,0.042279412,0.125919118,0.035845588,0.035845588,0.0625
press_rev,1,cc05,0.027803522,0.037071362,0.017608897,0.036144578,0.03429101,0.058387396,0.115848007,0.02502317,0.023169601,0.070435589
press_rev,1,cc06,0.032947462,0.053428317,0.016918967,0.044523598,0.045414069,0.07747106,0.117542297,0.041852182,0.026714159,0.070347284
press_rev,1,cc07,0.024146545,0.045795171,0.009991674,0.020815987,0.073272273,0.041631973,0.145711907,0.044129892,0.03080766,0.054954205
press_rev,1,cc08,0.013673655,0.048313582,0.005469462,0.017319964,0.051048314,0.036463081,0.108477666,0.040109389,0.026435734,0.051048314
press_rev,1,cc09,0.023152271,0.050756901,0.007123776,0.031166518,0.06856634,0.043633126,0.123775601,0.037399822,0.03205699,0.065004452
press_rev,1,cc10,0.015232975,0.040322581,0.015232975,0.02688172,0.034946237,0.05734767,0.102150538,0.024193548,0.024193548,0.048387097
press_rev,1,cc11,0.01986755,0.055463576,0.015728477,0.025662252,0.05794702,0.039735099,0.128311258,0.027317881,0.025662252,0.091887417
press_rev,1,cc12,0.011914894,0.041702128,0.012765957,0.016170213,0.05106383,0.045106383,0.130212766,0.045957447,0.023829787,0.06212766
press_rev,1,cc13,0.015398551,0.048007246,0.012681159,0.020833333,0.035326087,0.04076087,0.109601449,0.02173913,0.015398551,0.067028986
press_rev,1,cc14,0.02108678,0.04541768,0.01216545,0.02595296,0.065693431,0.03568532,0.133819951,0.03649635,0.03081914,0.058394161
press_rev,1,cc15,0.018936635,0.031318281,0.009468318,0.023306628,0.032774945,0.042971595,0.082301529,0.026219956,0.020393299,0.037144938
press_rev,1,cc16,0.028783658,0.042711235,0.023212628,0.050139276,0.032497679,0.074280409,0.119777159,0.032497679,0.023212628,0.074280409
press_rev,1,cc17,0.032948929,0.037891269,0.048599671,0.045304778,0.031301483,0.093080725,0.088138386,0.05107084,0.016474465,0.051894563
religion,1,cd01,0.043478261,0.061505832,0.032873807,0.057264051,0.033934252,0.071049841,0.167550371,0.043478261,0.025450689,0.078472959
religion,1,cd02,0.027168234,0.051201672,0.012539185,0.029258098,0.031347962,0.065830721,0.126436782,0.021943574,0.007314525,0.072100313
religion,1,cd03,0.008078995,0.061041293,0.00448833,0.023339318,0.05475763,0.033213645,0.126570916,0.02064632,0.02064632,0.1005386
religion,1,cd04,0.087552743,0.119198312,0.082278481,0.110759494,0.064345992,0.119198312,0.130801688,0.082278481,0.054852321,0.099156118
religion,1,cd05,0.046979866,0.04506232,0.025886865,0.052732502,0.030680729,0.087248322,0.145733461,0.041227229,0.012464046,0.091083413
religion,1,cd06,0.01865285,0.097409326,0.020725389,0.047668394,0.096373057,0.062176166,0.177202073,0.035233161,0.020725389,0.149222798
religion,1,cd07,0.0625,0.075211864,0.032838983,0.108050847,0.064618644,0.120762712,0.144067797,0.043432203,0.015889831,0.109110169
religion,1,cd08,0.010232558,0.028837209,0.006511628,0.014883721,0.018604651,0.029767442,0.103255814,0.010232558,0.012093023,0.056744186
religion,1,cd09,0.006145742,0.092186128,0.007023705,0.019315189,0.067603161,0.030728709,0.16856892,0.014925373,0.009657594,0.100087796
religion,1,cd10,0.026948989,0.043310876,0.02213667,0.041385948,0.036573628,0.064485082,0.109720885,0.023099134,0.012512031,0.102983638
religion,1,cd11,0.062374245,0.081488934,0.03722334,0.102615694,0.032193159,0.1277666,0.14084507,0.075452716,0.038229376,0.078470825
religion,1,cd12,0.025524157,0.041020966,0.010027347,0.025524157,0.022789426,0.04922516,0.144940747,0.019143118,0.010938924,0.098450319
religion,1,cd13,0.016632017,0.029106029,0.009355509,0.021829522,0.036382536,0.03950104,0.108108108,0.022869023,0.01975052,0.058212058
religion,1,cd14,0.026581118,0.054078827,0.019248396,0.040329973,0.061411549,0.068744271,0.138405133,0.03299725,0.021998167,0.091659028
religion,1,cd15,0.036166365,0.043399638,0.015370705,0.04159132,0.049728752,0.05244123,0.139240506,0.025316456,0.029837251,0.084990958
religion,1,cd16,0.030090271,0.120361083,0.061183551,0.10330993,0.130391174,0.070210632,0.218655968,0.037111334,0.025075226,0.146439318
religion,1,cd17,0.025193798,0.049418605,0.012596899,0.037790698,0.052325581,0.052325581,0.106589147,0.026162791,0.024224806,0.064922481
skill_hob,1,ce01,0.005586592,0.02886406,0.00744879,0.014897579,0.023277467,0.024208566,0.094040968,0.014897579,0.014897579,0.047486034
skill_hob,1,ce02,0.012732615,0.054848188,0.02546523,0.013712047,0.059745348,0.049951028,0.11165524,0.021547502,0.022526934,0.072477963
skill_hob,1,ce03,0.053357866,0.04323827,0.015639374,0.099356026,0.015639374,0.089236431,0.081876725,0.035878565,0.011959522,0.039558418
skill_hob,1,ce04,0.019873532,0.050587173,0.004516712,0.013550136,0.071364047,0.037940379,0.141824752,0.03071364,0.03432701,0.074977416
skill_hob,1,ce05,0.007407407,0.048148148,0.006481481,0.010185185,0.035185185,0.02962963,0.088888889,0.012037037,0.019444444,0.062962963
skill_hob,1,ce06,0.006445672,0.041436464,0.001841621,0.014732965,0.02946593,0.015653775,0.114180479,0.006445672,0.010128913,0.066298343
skill_hob,1,ce07,0.009377664,0.023870418,0.004262575,0.014492754,0.008525149,0.021312873,0.043478261,0.008525149,0.00511509,0.029838022
skill_hob,1,ce08,0.007684918,0.02209414,0.00192123,0.010566763,0.008645533,0.02401537,0.09221902,0.012487992,0.003842459,0.064361191
skill_hob,1,ce09,0.021138211,0.05203252,0.014634146,0.016260163,0.044715447,0.037398374,0.093495935,0.014634146,0.029268293,0.060162602
skill_hob,1,ce10,0.040920716,0.035805627,0.009377664,0.05370844,0.021312873,0.0571185,0.079283887,0.019607843,0.023017903,0.031543052
skill_hob,1,ce11,0.020091324,0.024657534,0.010958904,0.016438356,0.02283105,0.039269406,0.077625571,0.015525114,0.010045662,0.034703196
skill_hob,1,ce12,0.015241321,0.055884843,0.00169348,0.021168501,0.055884843,0.039796782,0.130397968,0.011854361,0.027942422,0.041490262
skill_hob,1,ce13,0.016236867,0.029608405,0.005730659,0.011461318,0.027698185,0.025787966,0.089780325,0.013371538,0.012416428,0.044890162
skill_hob,1,ce14,0.016773163,0.042332268,0.010383387,0.011182109,0.032747604,0.033546326,0.07827476,0.006389776,0.019169329,0.03514377
skill_hob,1,ce15,0.00962963,0.035555556,0.002222222,0.00962963,0.015555556,0.039259259,0.065925926,0.017037037,0.016296296,0.038518519
skill_hob,1,ce16,0.016791045,0.021455224,0.008395522,0.013059701,0.009328358,0.050373134,0.057835821,0.018656716,0.005597015,0.026119403
skill_hob,1,ce17,0.025665399,0.029467681,0.014258555,0.033269962,0.019011407,0.046577947,0.087452471,0.017110266,0.014258555,0.045627376
skill_hob,1,ce18,0.018298262,0.017383349,0.007319305,0.019213175,0.01189387,0.032936871,0.091491308,0.002744739,0.009149131,0.053979872
skill_hob,1,ce19,0.018078021,0.058991437,0.013320647,0.028544244,0.042816365,0.053282588,0.145575642,0.022835395,0.035204567,0.062797336
skill_hob,1,ce20,0.022242817,0.031510658,0.00463392,0.021316033,0.020389249,0.046339203,0.075069509,0.013901761,0.016682113,0.051899907
skill_hob,1,ce21,0.002777778,0.062962963,0.003703704,0.012037037,0.049074074,0.028703704,0.142592593,0.005555556,0.021296296,0.067592593
skill_hob,1,ce22,0.029746282,0.060367454,0.012248469,0.034995626,0.083989501,0.047244094,0.155730534,0.044619423,0.031496063,0.070866142
skill_hob,1,ce23,0.00923361,0.041551247,0.012003693,0.012003693,0.040627886,0.034164358,0.10710988,0.028624192,0.02677747,0.060941828
skill_hob,1,ce24,0.016267943,0.057416268,0.006698565,0.013397129,0.03923445,0.038277512,0.149282297,0.022966507,0.016267943,0.072727273
skill_hob,1,ce25,0.008810573,0.043171806,0.004405286,0.024669604,0.020264317,0.037885463,0.10660793,0.012334802,0.00969163,0.07753304
skill_hob,1,ce26,0.012195122,0.048780488,0.002814259,0.015009381,0.029080675,0.036585366,0.153846154,0.012195122,0.016885553,0.072232645
skill_hob,1,ce27,0.020817271,0.062451812,0.021588281,0.034695451,0.020817271,0.048573631,0.084040093,0.023130301,0.01387818,0.035466461
skill_hob,1,ce28,0.018850987,0.063734291,0.007181329,0.02513465,0.02962298,0.044883303,0.135547576,0.017055655,0.024236984,0.093357271
skill_hob,1,ce29,0.012048193,0.052826691,0.031510658,0.012974977,0.036144578,0.032437442,0.184430028,0.031510658,0.026876738,0.108433735
skill_hob,1,ce30,0.013345196,0.071174377,0.005338078,0.03024911,0.047153025,0.042704626,0.127224199,0.022241993,0.016903915,0.066725979
skill_hob,1,ce31,0.042372881,0.053389831,0.000847458,0.046610169,0.033898305,0.055932203,0.095762712,0.009322034,0.009322034,0.057627119
skill_hob,1,ce32,0.010695187,0.061497326,0.004456328,0.02228164,0.041889483,0.028520499,0.167557932,0.019607843,0.016934046,0.113190731
skill_hob,1,ce33,0.009208103,0.033149171,0.006445672,0.018416206,0.016574586,0.026703499,0.08747698,0.005524862,0.009208103,0.069060773
skill_hob,1,ce34,0.011372868,0.033306255,0.008935825,0.014622258,0.018683997,0.038992689,0.062550772,0.01056052,0.02112104,0.03493095
skill_hob,1,ce35,0.011565836,0.041814947,0.008896797,0.015124555,0.026690391,0.026690391,0.088078292,0.012455516,0.014234875,0.056049822
skill_hob,1,ce36,0.011753183,0.045053869,0.00489716,0.009794319,0.015670911,0.029382958,0.079333986,0.010773751,0.014691479,0.029382958
pop_lore,1,cf01,0.037140204,0.049210771,0.015784587,0.029712163,0.027855153,0.072423398,0.105849582,0.033426184,0.017641597,0.077065924
pop_lore,1,cf02,0.045539033,0.040892193,0.028810409,0.06598513,0.018587361,0.085501859,0.06598513,0.034386617,0.023234201,0.053903346
pop_lore,1,cf03,0.020153551,0.045105566,0.017274472,0.030710173,0.025911708,0.056621881,0.113243762,0.024952015,0.033589251,0.071976967
pop_lore,1,cf04,0.014834206,0.051483421,0.020942408,0.019197208,0.034904014,0.04973822,0.10034904,0.013961606,0.018324607,0.067190227
pop_lore,1,cf05,0.012594458,0.050377834,0.010075567,0.034424853,0.020990764,0.043660789,0.072208228,0.017632242,0.016792611,0.060453401
pop_lore,1,cf06,0.013118063,0.055499495,0.012108981,0.020181635,0.060544904,0.036326942,0.132189707,0.026236125,0.02926337,0.059535822
pop_lore,1,cf07,0.031368821,0.071292776,0.013307985,0.062737643,0.067490494,0.086501901,0.155893536,0.045627376,0.02756654,0.088403042
pop_lore,1,cf08,0.028571429,0.057142857,0.011059908,0.034101382,0.047926267,0.058986175,0.114285714,0.023041475,0.020276498,0.075576037
pop_lore,1,cf09,0.025024062,0.032723773,0.023099134,0.035611165,0.042348412,0.068334937,0.10105871,0.029836381,0.012512031,0.073147257
pop_lore,1,cf10,0.052727273,0.053636364,0.053636364,0.082727273,0.026363636,0.11,0.102727273,0.060909091,0.021818182,0.081818182
pop_lore,1,cf11,0.013286094,0.0425155,0.010628875,0.028343667,0.026572188,0.059344553,0.072630647,0.031000886,0.011514615,0.030115146
pop_lore,1,cf12,0.016443988,0.041109969,0.017471737,0.022610483,0.021582734,0.045220966,0.094552929,0.031860226,0.019527235,0.049331963
pop_lore,1,cf13,0.010919017,0.100090992,0.012738854,0.024567789,0.057324841,0.049135578,0.118289354,0.024567789,0.032757052,0.082802548
pop_lore,1,cf14,0.055172414,0.037438424,0.037438424,0.073891626,0.01773399,0.093596059,0.081773399,0.048275862,0.020689655,0.054187192
pop_lore,1,cf15,0.041970803,0.062956204,0.019160584,0.065693431,0.040145985,0.073905109,0.149635036,0.035583942,0.011861314,0.125
pop_lore,1,cf16,0.024021352,0.051601423,0.016014235,0.034697509,0.018683274,0.057829181,0.091637011,0.024021352,0.015124555,0.052491103
pop_lore,1,cf17,0.010462075,0.024411508,0.011333915,0.019180471,0.015693112,0.0418483,0.075850044,0.015693112,0.010462075,0.074978204
pop_lore,1,cf18,0.039084843,0.042897998,0.025738799,0.048617731,0.040038132,0.069590086,0.095328885,0.043851287,0.015252622,0.055290753
pop_lore,1,cf19,0.018281536,0.032906764,0.015539305,0.021937843,0.02559415,0.049360146,0.106032907,0.018281536,0.012797075,0.064899452
pop_lore,1,cf20,0.053320861,0.032740879,0.028999065,0.056127222,0.032740879,0.084190833,0.089803555,0.033676333,0.022450889,0.052385407
pop_lore,1,cf21,0.025233645,0.024299065,0.013084112,0.052336449,0.011214953,0.057943925,0.085981308,0.029906542,0.026168224,0.042990654
pop_lore,1,cf22,0.052859619,0.029462738,0.01559792,0.064124783,0.014731369,0.095320624,0.09965338,0.028596187,0.012998267,0.056325823
pop_lore,1,cf23,0.03125,0.0390625,0.016601563,0.056640625,0.028320313,0.094726563,0.125976563,0.0390625,0.012695313,0.083007813
pop_lore,1,cf24,0.02285192,0.037477148,0.02285192,0.029250457,0.038391225,0.060329068,0.087751371,0.021023766,0.029250457,0.056672761
pop_lore,1,cf25,0.00990991,0.03963964,0.010810811,0.024324324,0.03963964,0.047747748,0.103603604,0.016216216,0.016216216,0.077477477
pop_lore,1,cf26,0.030797101,0.02807971,0.038949275,0.039855072,0.022644928,0.09692029,0.059782609,0.04076087,0.009057971,0.035326087
pop_lore,1,cf27,0.01842871,0.045586809,0.013579049,0.027158099,0.028128031,0.05528613,0.0785645,0.024248303,0.021338506,0.050436469
pop_lore,1,cf28,0.030583874,0.064874884,0.019462465,0.037998146,0.051899907,0.063021316,0.126969416,0.035217794,0.015755329,0.075996293
pop_lore,1,cf29,0.021459227,0.049785408,0.010300429,0.020600858,0.039484979,0.034334764,0.13304721,0.023175966,0.012017167,0.088412017
pop_lore,1,cf30,0.020018198,0.037306642,0.010919017,0.024567789,0.029117379,0.034576888,0.101910828,0.010009099,0.013648772,0.066424022
pop_lore,1,cf31,0.027466938,0.048830112,0.02034588,0.04069176,0.01525941,0.063072228,0.078331638,0.031536114,0.022380468,0.052899288
pop_lore,1,cf32,0.019102197,0.054441261,0.009551098,0.016236867,0.044890162,0.036294174,0.141356256,0.021012416,0.021967526,0.074498567
pop_lore,1,cf33,0.020192308,0.05,0.0125,0.029807692,0.038461538,0.042307692,0.150961538,0.020192308,0.022115385,0.117307692
pop_lore,1,cf34,0.011695906,0.022556391,0.015037594,0.010860485,0.020050125,0.020885547,0.079365079,0.004177109,0.009189641,0.043441938
pop_lore,1,cf35,0.016838167,0.026192703,0.005612722,0.015902713,0.01777362,0.042095416,0.062675398,0.012160898,0.008419083,0.03554724
pop_lore,1,cf36,0.028712871,0.030693069,0.021782178,0.040594059,0.017821782,0.076237624,0.074257426,0.028712871,0.024752475,0.031683168
pop_lore,1,cf37,0.019047619,0.087830688,0.010582011,0.028571429,0.078306878,0.034920635,0.164021164,0.021164021,0.02010582,0.117460317
pop_lore,1,cf38,0.027280477,0.040068201,0.012787724,0.020460358,0.029838022,0.05370844,0.093776641,0.021312873,0.019607843,0.043478261
pop_lore,1,cf39,0.014209591,0.063943162,0.014209591,0.031083481,0.046181172,0.053285968,0.130550622,0.029307282,0.013321492,0.069271758
pop_lore,1,cf40,0.028495102,0.044523598,0.016918967,0.048085485,0.016918967,0.079252004,0.129118433,0.03205699,0.012466607,0.082813891
pop_lore,1,cf41,0.009208103,0.040515654,0.008287293,0.011049724,0.037753223,0.014732965,0.093001842,0.015653775,0.018416206,0.052486188
pop_lore,1,cf42,0.054865424,0.044513458,0.033126294,0.073498965,0.035196687,0.116977226,0.098343685,0.063146998,0.01863354,0.067287785
pop_lore,1,cf43,0.021904762,0.07047619,0.01047619,0.02952381,0.037142857,0.045714286,0.094285714,0.032380952,0.037142857,0.040952381
pop_lore,1,cf44,0.013599275,0.041704442,0.007252947,0.032638259,0.038077969,0.042611061,0.15593835,0.027198549,0.007252947,0.102447869
pop_lore,1,cf45,0.017142857,0.040952381,0.012380952,0.034285714,0.032380952,0.044761905,0.101904762,0.02,0.016190476,0.091428571
pop_lore,1,cf46,0.033989267,0.045617174,0.023255814,0.025939177,0.040250447,0.068872987,0.104651163,0.024150268,0.029516995,0.094812165
pop_lore,1,cf47,0.014851485,0.059405941,0.005940594,0.01980198,0.046534653,0.032673267,0.12970297,0.016831683,0.021782178,0.065346535
pop_lore,1,cf48,0.072604066,0.034849952,0.024201355,0.054211036,0.041626331,0.109390126,0.154888674,0.038722168,0.016456922,0.112294288
bel_bio_mem,1,cg01,0.039292731,0.029469548,0.018664047,0.04518664,0.02848723,0.086444008,0.103143418,0.038310413,0.013752456,0.068762279
bel_bio_mem,1,cg02,0.018399264,0.035878565,0.011959522,0.030358786,0.02575897,0.04599816,0.110395584,0.021159154,0.018399264,0.084636615
bel_bio_mem,1,cg03,0.021701389,0.0234375,0.008680556,0.046875,0.012152778,0.047743056,0.078125,0.018229167,0.015625,0.050347222
bel_bio_mem,1,cg04,0.027027027,0.031031031,0.034034034,0.037037037,0.026026026,0.071071071,0.058058058,0.038038038,0.021021021,0.044044044
bel_bio_mem,1,cg05,0.016330451,0.042267051,0.013448607,0.017291066,0.045148895,0.043227666,0.099903939,0.032660903,0.021133525,0.052833814
bel_bio_mem,1,cg06,0.032286996,0.06367713,0.008071749,0.025112108,0.065470852,0.038565022,0.134529148,0.04573991,0.035874439,0.076233184
bel_bio_mem,1,cg07,0.028414299,0.06416132,0.022914757,0.038496792,0.045829514,0.073327223,0.147571036,0.026581118,0.029330889,0.102658112
bel_bio_mem,1,cg08,0.024734982,0.034452297,0.013250883,0.037985866,0.025618375,0.075971731,0.077738516,0.041519435,0.016784452,0.043286219
bel_bio_mem,1,cg09,0.013565891,0.025193798,0.009689922,0.023255814,0.024224806,0.031976744,0.078488372,0.019379845,0.01744186,0.050387597
bel_bio_mem,1,cg10,0.029354207,0.032289628,0.008806262,0.053816047,0.030332681,0.072407045,0.125244618,0.031311155,0.015655577,0.113502935
bel_bio_mem,1,cg11,0.048323471,0.049309665,0.018737673,0.065088757,0.033530572,0.090729783,0.130177515,0.032544379,0.025641026,0.081854043
bel_bio_mem,1,cg12,0.043715847,0.067759563,0.031693989,0.045901639,0.050273224,0.085245902,0.115846995,0.054644809,0.041530055,0.06557377
bel_bio_mem,1,cg13,0.052,0.08,0.03,0.05,0.084,0.08,0.16,0.044,0.029,0.091
bel_bio_mem,1,cg14,0.012633625,0.03595724,0.016520894,0.012633625,0.030126336,0.052478134,0.064139942,0.019436346,0.013605442,0.041788144
bel_bio_mem,1,cg15,0.051823417,0.052783109,0.052783109,0.069097889,0.055662188,0.117082534,0.10940499,0.068138196,0.034548944,0.046065259
bel_bio_mem,1,cg16,0.018164436,0.039196941,0.008604207,0.020076482,0.02581262,0.055449331,0.138623327,0.020076482,0.022944551,0.062141491
bel_bio_mem,1,cg17,0.027410208,0.055765595,0.014177694,0.033081285,0.042533081,0.062381853,0.118147448,0.033081285,0.017958412,0.083175803
bel_bio_mem,1,cg18,0.024144869,0.071428571,0.019114688,0.039235412,0.072434608,0.06639839,0.142857143,0.032193159,0.030181087,0.076458753
bel_bio_mem,1,cg19,0.054337464,0.059103908,0.03336511,0.070543375,0.038131554,0.094375596,0.127740705,0.04099142,0.043851287,0.09914204
bel_bio_mem,1,cg20,0.012369172,0.049476689,0.002854424,0.039010466,0.019980971,0.046622265,0.102759277,0.015223597,0.019029496,0.066603235
bel_bio_mem,1,cg21,0.032786885,0.072745902,0.021516393,0.054303279,0.042008197,0.084016393,0.138319672,0.035860656,0.030737705,0.104508197
bel_bio_mem,1,cg22,0.028440367,0.042201835,0.019266055,0.036697248,0.025688073,0.066972477,0.141284404,0.027522936,0.018348624,0.072477064
bel_bio_mem,1,cg23,0.034188034,0.038936372,0.022792023,0.048433048,0.029439696,0.075973409,0.130104463,0.031339031,0.015194682,0.072174739
bel_bio_mem,1,cg24,0.037190083,0.054752066,0.015495868,0.045454545,0.027892562,0.065082645,0.152892562,0.021694215,0.020661157,0.103305785
bel_bio_mem,1,cg25,0.029381966,0.025329281,0.00810537,0.067882472,0.017223911,0.075987842,0.143870314,0.028368794,0.007092199,0.069908815
bel_bio_mem,1,cg26,0.038461538,0.077935223,0.041497976,0.066801619,0.067813765,0.142712551,0.123481781,0.084008097,0.035425101,0.068825911
bel_bio_mem,1,cg27,0.02629108,0.055399061,0.012206573,0.045070423,0.040375587,0.066666667,0.081690141,0.040375587,0.022535211,0.057276995
bel_bio_mem,1,cg28,0.024777007,0.021803766,0.009910803,0.030723489,0.028741328,0.045589693,0.079286422,0.014866204,0.016848365,0.048562934
bel_bio_mem,1,cg29,0.023012552,0.054393305,0.014644351,0.043933054,0.040794979,0.073221757,0.138075314,0.025104603,0.020920502,0.089958159
bel_bio_mem,1,cg30,0.01087942,0.062556664,0.00543971,0.02175884,0.028105168,0.038984587,0.097914778,0.017225748,0.009972801,0.060743427
bel_bio_mem,1,cg31,0.013605442,0.060252672,0.008746356,0.019436346,0.062196307,0.044703596,0.138969874,0.022351798,0.026239067,0.065111759
bel_bio_mem,1,cg32,0.054755043,0.030739673,0.038424592,0.063400576,0.023054755,0.088376561,0.073967339,0.052833814,0.028818444,0.054755043
bel_bio_mem,1,cg33,0.025641026,0.045940171,0.023504274,0.044871795,0.047008547,0.08974359,0.127136752,0.041666667,0.02457265,0.071581197
bel_bio_mem,1,cg34,0.011142061,0.052924791,0.012070566,0.013927577,0.051996286,0.032497679,0.119777159,0.020427112,0.020427112,0.064066852
bel_bio_mem,1,cg35,0.028880866,0.060469314,0.009025271,0.037906137,0.049638989,0.046028881,0.160649819,0.013537906,0.01534296,0.092057762
bel_bio_mem,1,cg36,0.028347996,0.036168133,0.039100684,0.03714565,0.019550342,0.085043988,0.083088954,0.021505376,0.018572825,0.079178886
bel_bio_mem,1,cg37,0.025218235,0.064015519,0.01842871,0.029097963,0.053346266,0.042677013,0.104752667,0.016488846,0.027158099,0.067895247
bel_bio_mem,1,cg38,0.053481332,0.05247225,0.019172553,0.054490414,0.036326942,0.078708375,0.13925328,0.028254289,0.016145308,0.080726539
bel_bio_mem,1,cg39,0.017985612,0.035071942,0.008093525,0.01618705,0.042266187,0.049460432,0.102517986,0.03147482,0.01528777,0.052158273
bel_bio_mem,1,cg40,0.026666667,0.036190476,0.022857143,0.033333333,0.026666667,0.061904762,0.098095238,0.03047619,0.017142857,0.073333333
bel_bio_mem,1,cg41,0.018627451,0.049019608,0.019607843,0.029411765,0.050980392,0.05,0.117647059,0.038235294,0.020588235,0.092156863
bel_bio_mem,1,cg42,0.022450889,0.041159963,0.013096352,0.029934518,0.029934518,0.048643592,0.137511693,0.019644528,0.014967259,0.090739008
bel_bio_mem,1,cg43,0.020895522,0.039800995,0.011940299,0.018905473,0.045771144,0.052736318,0.154228856,0.018905473,0.026865672,0.061691542
bel_bio_mem,1,cg44,0.014423077,0.05,0.0125,0.015384615,0.038461538,0.0375,0.145192308,0.025,0.017307692,0.069230769
bel_bio_mem,1,cg45,0.038497653,0.045070423,0.01971831,0.030985915,0.031924883,0.066666667,0.102347418,0.028169014,0.021596244,0.077934272
bel_bio_mem,1,cg46,0.025806452,0.04516129,0.015668203,0.035023041,0.034101382,0.061751152,0.118894009,0.020276498,0.019354839,0.066359447
bel_bio_mem,1,cg47,0.009950249,0.039800995,0.0039801,0.027860697,0.04079602,0.032835821,0.110447761,0.016915423,0.019900498,0.059701493
bel_bio_mem,1,cg48,0.044343891,0.050678733,0.02081448,0.069683258,0.032579186,0.084162896,0.084162896,0.022624434,0.01719457,0.062443439
bel_bio_mem,1,cg49,0.023023023,0.057057057,0.02002002,0.038038038,0.061061061,0.059059059,0.146146146,0.04004004,0.023023023,0.082082082
bel_bio_mem,1,cg50,0.022241993,0.026690391,0.012455516,0.029359431,0.03024911,0.048042705,0.116548043,0.03024911,0.016014235,0.06227758
bel_bio_mem,1,cg51,0.018446602,0.053398058,0.015533981,0.022330097,0.051456311,0.057281553,0.124271845,0.031067961,0.023300971,0.065048544
bel_bio_mem,1,cg52,0.048076923,0.054807692,0.029807692,0.031730769,0.044230769,0.078846154,0.144230769,0.031730769,0.025,0.098076923
bel_bio_mem,1,cg53,0.038011696,0.048732943,0.028265107,0.058479532,0.038011696,0.073099415,0.102339181,0.032163743,0.01754386,0.07797271
bel_bio_mem,1,cg54,0.018590998,0.057729941,0.01369863,0.026418787,0.031311155,0.047945205,0.098825832,0.034246575,0.022504892,0.049902153
bel_bio_mem,1,cg55,0.043067227,0.045168067,0.021008403,0.036764706,0.044117647,0.05987395,0.151260504,0.034663866,0.010504202,0.118697479
bel_bio_mem,1,cg56,0.046626984,0.048611111,0.02281746,0.046626984,0.036706349,0.079365079,0.138888889,0.046626984,0.024801587,0.070436508
bel_bio_mem,1,cg57,0.012646793,0.052393857,0.008130081,0.017163505,0.040650407,0.035230352,0.141824752,0.006323397,0.01535682,0.089430894
bel_bio_mem,1,cg58,0.046979866,0.047938639,0.020134228,0.069990412,0.041227229,0.07957814,0.122722915,0.035474593,0.019175455,0.068072867
bel_bio_mem,1,cg59,0.028627838,0.032576505,0.017769003,0.029615005,0.030602172,0.076999013,0.116485686,0.028627838,0.014807502,0.070088845
bel_bio_mem,1,cg60,0.031446541,0.038784067,0.023060797,0.038784067,0.035639413,0.071278826,0.082809224,0.051362683,0.024109015,0.062893082
bel_bio_mem,1,cg61,0.023572076,0.042611061,0.008159565,0.029011786,0.025385313,0.046237534,0.09700816,0.02175884,0.02175884,0.051677244
bel_bio_mem,1,cg62,0.036082474,0.049828179,0.028350515,0.068728522,0.027491409,0.08161512,0.088487973,0.036941581,0.020618557,0.071305842
bel_bio_mem,1,cg63,0.030563515,0.0582617,0.019102197,0.052531041,0.041069723,0.077363897,0.140401146,0.042024833,0.021012416,0.05730659
bel_bio_mem,1,cg64,0.015397776,0.037639008,0.007698888,0.014542344,0.02566296,0.035928144,0.082976903,0.014542344,0.017964072,0.072711719
bel_bio_mem,1,cg65,0.022504892,0.04109589,0.016634051,0.042074364,0.036203523,0.069471624,0.114481409,0.032289628,0.015655577,0.102739726
bel_bio_mem,1,cg66,0.018556701,0.035051546,0.022680412,0.035051546,0.039175258,0.067010309,0.104123711,0.032989691,0.018556701,0.046391753
bel_bio_mem,1,cg67,0.017874876,0.046673287,0.013902681,0.022840119,0.033763654,0.042701092,0.086395233,0.028798411,0.023833168,0.054617676
bel_bio_mem,1,cg68,0.014137606,0.031102733,0.010367578,0.015080113,0.018850141,0.039585297,0.107445806,0.007540057,0.011310085,0.047125353
bel_bio_mem,1,cg69,0.019508058,0.044105174,0.015267176,0.032230704,0.030534351,0.049194232,0.109414758,0.017811705,0.015267176,0.057675997
bel_bio_mem,1,cg70,0.038379531,0.071428571,0.017057569,0.053304904,0.053304904,0.085287846,0.132196162,0.040511727,0.037313433,0.081023454
bel_bio_mem,1,cg71,0.028627838,0.045409674,0.013820336,0.042448174,0.026653504,0.068114511,0.100691017,0.031589339,0.025666338,0.060217177
bel_bio_mem,1,cg72,0.020484171,0.054003724,0.011173184,0.041899441,0.031657356,0.059590317,0.15735568,0.023277467,0.013035382,0.091247672
bel_bio_mem,1,cg73,0.04040404,0.043158861,0.023875115,0.034894399,0.045913682,0.068870523,0.110192837,0.045913682,0.03030303,0.058769513
bel_bio_mem,1,cg74,0.029608405,0.041069723,0.016236867,0.033428844,0.033428844,0.082139446,0.097421203,0.028653295,0.021012416,0.047755492
bel_bio_mem,1,cg75,0.025183631,0.036726128,0.023084995,0.049317943,0.028331584,0.077649528,0.086044071,0.034627492,0.017838405,0.03567681
misc,1,ch01,0.002290076,0.032824427,0.003816794,0.011450382,0.01221374,0.048854962,0.13129771,0.003816794,0.002290076,0.071755725
misc,1,ch02,0.009865471,0.041255605,0.00896861,0.025112108,0.0367713,0.039461883,0.158744395,0.01793722,0.00896861,0.082511211
misc,1,ch03,0.024870466,0.046632124,0.016580311,0.023834197,0.039378238,0.044559585,0.148186528,0.014507772,0.013471503,0.10984456
misc,1,ch04,0.004108463,0.019720624,0.004108463,0.019720624,0.010682005,0.032046015,0.092029581,0.011503698,0.003286771,0.070665571
misc,1,ch05,0.003777148,0.026440038,0.002832861,0.018885741,0.01605288,0.050991501,0.100094429,0.034938621,0.019830028,0.083097262
misc,1,ch06,0.001486989,0.065427509,0.00669145,0.009665428,0.0133829,0.021561338,0.134572491,0.008178439,0.002230483,0.09070632
misc,1,ch07,0.011023622,0.030708661,0.003149606,0.025984252,0.020472441,0.052755906,0.068503937,0.034645669,0.005511811,0.041732283
misc,1,ch08,0.013134851,0.060420315,0.027145359,0.021015762,0.062171629,0.043782837,0.167250438,0.009632224,0.022767075,0.138353765
misc,1,ch09,0.008525149,0.028132992,0.016197783,0.012787724,0.016197783,0.026427962,0.127877238,0.008525149,0.00511509,0.082693947
misc,1,ch10,0.019747235,0.063191153,0.001579779,0.082148499,0.010268562,0.037914692,0.120063191,0.015007899,0.007898894,0.090837283
misc,1,ch11,0.007401316,0.017269737,0.001644737,0.010690789,0.013157895,0.032894737,0.076480263,0.005756579,0.009046053,0.040296053
misc,1,ch12,0.024574669,0.0463138,0.006616257,0.031190926,0.041587902,0.063327032,0.167296786,0.017958412,0.017958412,0.164461248
misc,1,ch13,0.03164557,0.037183544,0.009493671,0.053006329,0.015822785,0.0625,0.098101266,0.027689873,0.007120253,0.064082278
misc,1,ch14,0.001665279,0.054121565,0.003330558,0.012489592,0.029975021,0.035803497,0.100749376,0.019983347,0.001665279,0.080766028
misc,1,ch15,0.007659574,0.028085106,0.005957447,0.027234043,0.01106383,0.04,0.13787234,0.005957447,0.008510638,0.098723404
misc,1,ch16,0.029888984,0.064047822,0.007685739,0.042698548,0.01793339,0.052092229,0.121263877,0.025619129,0.009393681,0.102476516
misc,1,ch17,0.022968198,0.0795053,0.008833922,0.05565371,0.016784452,0.073321555,0.099823322,0.022084806,0.009717314,0.094522968
misc,1,ch18,0.015479876,0.043343653,0.007223942,0.038183695,0.027863777,0.059855521,0.149638803,0.027863777,0.015479876,0.122807018
misc,1,ch19,0.005576208,0.091078067,0.00929368,0.023234201,0.072490706,0.037174721,0.17936803,0.011152416,0.019516729,0.134758364
misc,1,ch20,0.03083004,0.044268775,0.028458498,0.042687747,0.03083004,0.053754941,0.128853755,0.025296443,0.008695652,0.079051383
misc,1,ch21,0.024807528,0.046193328,0.005132592,0.056458512,0.020530368,0.036783576,0.135158255,0.015397776,0.007698888,0.077844311
misc,1,ch22,0.004016064,0.029718876,0,0.034538153,0.015261044,0.042570281,0.139759036,0.002409639,0.002409639,0.119678715
misc,1,ch23,0.005494505,0.039377289,0.005494505,0.019230769,0.014652015,0.052197802,0.08974359,0.008241758,0.006410256,0.058608059
misc,1,ch24,0.008250825,0.053630363,0.017326733,0.008250825,0.047029703,0.107260726,0.109735974,0.062706271,0.005775578,0.075907591
misc,1,ch25,0.015473888,0.065764023,0.00967118,0.028046422,0.046421663,0.047388781,0.172147002,0.021276596,0.018375242,0.098646035
misc,1,ch26,0.00926706,0.037068239,0.01179444,0.02274642,0.025273799,0.032013479,0.118786858,0.01516428,0.0126369,0.070766639
misc,1,ch27,0.010770505,0.054681027,0.004971002,0.018227009,0.028169014,0.04059652,0.12096106,0.015741508,0.011599006,0.072908036
misc,1,ch28,0.006855184,0.049700086,0.00428449,0.010282776,0.040274207,0.011139674,0.137103685,0.017994859,0.016281063,0.083976007
misc,1,ch29,0.01097973,0.055743243,0.001689189,0.022804054,0.032939189,0.026182432,0.114864865,0.011824324,0.024493243,0.067567568
misc,1,ch30,0.007326007,0.056776557,0.000915751,0.014652015,0.038461538,0.028388278,0.224358974,0.010989011,0.016483516,0.148351648
learned,1,cj01,0.005623243,0.01968135,0.004686036,0.034676664,0.014995314,0.046860356,0.105904405,0.010309278,0.010309278,0.027179007
learned,1,cj02,0.012121212,0.013852814,0.000865801,0.019047619,0.008658009,0.028571429,0.058874459,0.011255411,0.011255411,0.022510823
learned,1,cj03,0.013211382,0.022357724,0.00304878,0.012195122,0.008130081,0.056910569,0.06402439,0.014227642,0.011178862,0.046747967
learned,1,cj04,0.007323027,0.02278275,0.017087063,0.026037429,0.018714402,0.048006509,0.081366965,0.025223759,0.012205045,0.058584215
learned,1,cj05,0.00676819,0.014382403,0.035532995,0.011844332,0.016920474,0.047377327,0.094754653,0.010998308,0.013536379,0.032994924
learned,1,cj06,0.002666667,0.016,0.001777778,0.008888889,0.008888889,0.023111111,0.078222222,0.007111111,0.012444444,0.051555556
learned,1,cj07,0.004251701,0.031462585,0.005952381,0.013605442,0.011054422,0.045068027,0.06037415,0.008503401,0.020408163,0.042517007
learned,1,cj08,0.051212938,0.044025157,0.043126685,0.091644205,0.010781671,0.09344115,0.085354897,0.04492363,0.017070979,0.033243486
learned,1,cj09,0.000807754,0.006462036,0.001615509,0.005654281,0.00726979,0.02180937,0.039579968,0.008885299,0.002423263,0.016962843
learned,1,cj10,0.018269231,0.031730769,0.008653846,0.024038462,0.034615385,0.050961538,0.093269231,0.027884615,0.022115385,0.044230769
learned,1,cj11,0.014912281,0.035087719,0.025438596,0.044736842,0.026315789,0.05,0.093859649,0.022807018,0.016666667,0.042105263
learned,1,cj12,0.007772021,0.012953368,0.001727116,0.012953368,0.013816926,0.033678756,0.081174439,0.015544041,0.008635579,0.037996546
learned,1,cj13,0.006081668,0.079930495,0.007819288,0.011294526,0.039965248,0.03301477,0.112076455,0.019982624,0.003475239,0.045178106
learned,1,cj14,0.003606853,0.026149684,0.014427412,0.013525699,0.011722272,0.026149684,0.060414788,0.012623986,0.010820559,0.03336339
learned,1,cj15,0.013742926,0.032336297,0.015359741,0.03476152,0.012126112,0.06952304,0.059013743,0.033144705,0.006467259,0.026677445
learned,1,cj16,0.010673235,0.027914614,0.009852217,0.015599343,0.027914614,0.039408867,0.058292282,0.010673235,0.015599343,0.042692939
learned,1,cj17,0.022279349,0.027420737,0.010282776,0.041131105,0.027420737,0.05227078,0.102827763,0.030848329,0.016281063,0.053127678
learned,1,cj18,0.000998004,0,0.00998004,0.015968064,0.006986028,0.018962076,0.062874251,0.015968064,0.000998004,0.048902196
learned,1,cj19,0.009259259,0.069444444,0.008333333,0.021296296,0.02962963,0.031481481,0.090740741,0.025,0.047222222,0.035185185
learned,1,cj20,0.011928429,0.013916501,0.009940358,0.013916501,0.003976143,0.022862823,0.033797217,0.012922465,0.002982107,0.028827038
learned,1,cj21,0.01459144,0.008754864,0.004863813,0.049610895,0.005836576,0.025291829,0.044747082,0.011673152,0.005836576,0.036964981
learned,1,cj22,0.010938924,0.057429353,0.008204193,0.026435734,0.036463081,0.044667274,0.166818596,0.020966272,0.014585232,0.102096627
learned,1,cj23,0.024368231,0.064981949,0.016245487,0.036101083,0.050541516,0.045126354,0.130866426,0.028880866,0.020758123,0.129963899
learned,1,cj24,0.028520499,0.05258467,0.016042781,0.046345811,0.034759358,0.09714795,0.131016043,0.047237077,0.015151515,0.058823529
learned,1,cj25,0.016740088,0.015859031,0.015859031,0.01938326,0.018502203,0.037004405,0.126872247,0.027312775,0.014096916,0.099559471
learned,1,cj26,0.007765315,0.038826575,0.006902502,0.018119068,0.019844694,0.022433132,0.107851596,0.010353753,0.012942192,0.066436583
learned,1,cj27,0.007984032,0.063872255,0.010978044,0.016966068,0.046906188,0.035928144,0.136726547,0.012974052,0.015968064,0.070858283
learned,1,cj28,0.009414226,0.029288703,0.005230126,0.023012552,0.018828452,0.056485356,0.072175732,0.013598326,0.016736402,0.041841004
learned,1,cj29,0.03427065,0.094903339,0.009666081,0.049209139,0.063268893,0.067662566,0.141476274,0.03602812,0.021089631,0.087873462
learned,1,cj30,0.008973081,0.041874377,0.005982054,0.030907278,0.032901296,0.03888335,0.105682951,0.017946162,0.017946162,0.056829511
learned,1,cj31,0.031914894,0.035106383,0.021276596,0.015957447,0.021276596,0.075531915,0.074468085,0.021276596,0.018085106,0.037234043
learned,1,cj32,0,0.013539652,0.000967118,0.007736944,0.006769826,0.010638298,0.14893617,0.00483559,0.002901354,0.076402321
learned,1,cj33,0.015608741,0.054110302,0.010405827,0.055150884,0.033298647,0.142559834,0.095733611,0.021852237,0.036420395,0.077003122
learned,1,cj34,0.011310085,0.034872762,0.003770028,0.02262017,0.016965127,0.040527804,0.097078228,0.018850141,0.013195099,0.079170594
learned,1,cj35,0.008710801,0.022648084,0.006097561,0.014808362,0.013066202,0.030487805,0.083623693,0.014808362,0.016550523,0.042682927
learned,1,cj36,0.025471698,0.043396226,0.016981132,0.049056604,0.021698113,0.069811321,0.09245283,0.023584906,0.012264151,0.061320755
learned,1,cj37,0.019873532,0.047877145,0.016260163,0.033423668,0.026196929,0.06865402,0.123757904,0.028906956,0.012646793,0.08762421
learned,1,cj38,0.017312448,0.038746908,0.002473207,0.025556472,0.022258862,0.030502885,0.126133553,0.014839242,0.014839242,0.065952185
learned,1,cj39,0.014719411,0.051517939,0.009199632,0.021159154,0.017479301,0.04323827,0.088316467,0.018399264,0.011039558,0.04875805
learned,1,cj40,0.013799448,0.045078197,0.006439742,0.030358786,0.02023919,0.04875805,0.133394664,0.009199632,0.008279669,0.065317387
learned,1,cj41,0.024253731,0.039179104,0.007462687,0.024253731,0.018656716,0.052238806,0.138059701,0.009328358,0.007462687,0.060634328
learned,1,cj42,0.018165304,0.032697548,0.004541326,0.018165304,0.019073569,0.035422343,0.103542234,0.019073569,0.007266122,0.14804723
learned,1,cj43,0.043552519,0.0529462,0.019641332,0.06233988,0.018787361,0.077711358,0.111016225,0.035866781,0.014517506,0.110162254
learned,1,cj44,0.021818182,0.028181818,0.005454545,0.049090909,0.012727273,0.068181818,0.1,0.040909091,0.007272727,0.083636364
learned,1,cj45,0.017723881,0.047574627,0.002798507,0.023320896,0.004664179,0.023320896,0.093283582,0.012126866,0.004664179,0.046641791
learned,1,cj46,0.057673509,0.077223851,0.010752688,0.044965787,0.035190616,0.063538612,0.120234604,0.018572825,0.026392962,0.089931574
learned,1,cj47,0.023360288,0.066486972,0.015274034,0.026954178,0.062893082,0.062893082,0.182389937,0.034141959,0.013477089,0.085354897
learned,1,cj48,0.030061892,0.08311229,0.003536693,0.030061892,0.024756852,0.054818744,0.103448276,0.025641026,0.00530504,0.114058355
learned,1,cj49,0.013011152,0.048327138,0.001858736,0.022304833,0.029739777,0.041821561,0.147769517,0.018587361,0.011152416,0.106877323
learned,1,cj50,0.00795053,0.015017668,0.006183746,0.009717314,0.010600707,0.034452297,0.084805654,0.009717314,0.011484099,0.046819788
learned,1,cj51,0.013850416,0.037857802,0.005540166,0.01754386,0.012003693,0.047091413,0.132963989,0.021237304,0.016620499,0.076638966
learned,1,cj52,0.088888889,0.092397661,0.09122807,0.122807018,0.058479532,0.162573099,0.10877193,0.119298246,0.049122807,0.086549708
learned,1,cj53,0.015306122,0.03877551,0.008163265,0.024489796,0.009183673,0.055102041,0.118367347,0.031632653,0.007142857,0.041836735
learned,1,cj54,0.013611615,0.025408348,0.005444646,0.01814882,0.019056261,0.028130672,0.09800363,0.019963702,0.019056261,0.04446461
learned,1,cj55,0.046082949,0.035023041,0.013824885,0.085714286,0.016589862,0.094930876,0.066359447,0.046082949,0.025806452,0.05437788
learned,1,cj56,0.007456504,0.031483016,0.014084507,0.008285004,0.017398509,0.034797017,0.066280033,0.009942005,0.015741508,0.048053024
learned,1,cj57,0.04964539,0.044579534,0.013171226,0.055724417,0.039513678,0.081053698,0.130699088,0.050658561,0.014184397,0.085106383
learned,1,cj58,0.061316501,0.060414788,0.061316501,0.067628494,0.030658251,0.11091073,0.100991885,0.063119928,0.024346258,0.055004509
learned,1,cj59,0.005076142,0.01928934,0.007106599,0.012182741,0.012182741,0.049746193,0.086294416,0.008121827,0.035532995,0.049746193
learned,1,cj60,0.016337059,0.044711952,0.004299226,0.022355976,0.022355976,0.042132416,0.091143594,0.013757524,0.016337059,0.042992261
learned,1,cj61,0.012987013,0.035250464,0.012059369,0.02690167,0.024118738,0.055658627,0.083487941,0.028756957,0.015769944,0.046382189
learned,1,cj62,0.026150628,0.057531381,0.009414226,0.032426778,0.052301255,0.065899582,0.146443515,0.025104603,0.026150628,0.084728033
learned,1,cj63,0.039179104,0.021455224,0.027052239,0.041977612,0.018656716,0.069029851,0.100746269,0.037313433,0.01119403,0.055037313
learned,1,cj64,0.053691275,0.047938639,0.01725791,0.044103547,0.054650048,0.073825503,0.144774688,0.050814957,0.02780441,0.060402685
learned,1,cj65,0.022835395,0.039961941,0.020932445,0.030447193,0.059942912,0.049476689,0.117031399,0.032350143,0.014272122,0.068506185
learned,1,cj66,0.020813623,0.041627247,0.012298959,0.035950804,0.03500473,0.071901608,0.092715232,0.042573321,0.02743614,0.045411542
learned,1,cj67,0.011937557,0.031221304,0.006427916,0.022956841,0.024793388,0.038567493,0.107438017,0.016528926,0.014692378,0.046831956
learned,1,cj68,0.053072626,0.030726257,0.043761639,0.051210428,0.02886406,0.097765363,0.091247672,0.040968343,0.02141527,0.051210428
learned,1,cj69,0.021996616,0.02284264,0,0.008460237,0.001692047,0.029610829,0.104060914,0.001692047,0.000846024,0.0642978
learned,1,cj70,0.013934426,0.01557377,0.023770492,0.01557377,0.018032787,0.082786885,0.076229508,0.020491803,0.010655738,0.044262295
learned,1,cj71,0.049382716,0.065255732,0.008818342,0.071428571,0.026455026,0.059082892,0.138447972,0.022045855,0.004409171,0.079365079
learned,1,cj72,0.006354249,0.027799841,0.011119936,0.016679905,0.019062748,0.034948372,0.065131056,0.015885624,0.007942812,0.043685465
learned,1,cj73,0.00539707,0.049344641,0.00539707,0.00616808,0.016962221,0.0154202,0.086353123,0.0077101,0.01079414,0.052428682
learned,1,cj74,0.015248796,0.032905297,0.012038523,0.042536116,0.033707865,0.063402889,0.100321027,0.021669342,0.008025682,0.052969502
learned,1,cj75,0.059891107,0.016333938,0.040834846,0.074410163,0.007259528,0.096188748,0.057168784,0.047186933,0.011796733,0.037205082
learned,1,cj76,0.00877193,0.016746411,0.005582137,0.011164274,0.013556619,0.033492823,0.075757576,0.009569378,0.00877193,0.033492823
learned,1,cj77,0.011398176,0.029635258,0.005319149,0.015957447,0.01443769,0.02887538,0.065349544,0.010638298,0.002279635,0.044832827
learned,1,cj78,0.000786782,0.024390244,0.002360346,0.00393391,0.02281668,0.017309205,0.081825334,0.005507474,0.006294256,0.033044847
learned,1,cj79,0,0.033947624,0.000969932,0.009699321,0.010669253,0.013579049,0.064985451,0.007759457,0.010669253,0.079534433
learned,1,cj80,0.007098492,0.030168589,0.004436557,0.015971606,0.022182786,0.028393966,0.074534161,0.016858917,0.00621118,0.069210293
gen_fic,2,ck01,0.015180266,0.031309298,0.010436433,0.020872865,0.024667932,0.04743833,0.069259962,0.026565465,0.014231499,0.052182163
gen_fic,2,ck02,0.037181996,0.043052838,0.025440313,0.054794521,0.021526419,0.093933464,0.071428571,0.035225049,0.015655577,0.050880626
gen_fic,2,ck03,0.043022036,0.056663169,0.037775446,0.04616999,0.054564533,0.093389297,0.129066107,0.051416579,0.029380902,0.079748164
gen_fic,2,ck04,0.025075226,0.090270812,0.027081244,0.027081244,0.09327984,0.083249749,0.153460381,0.043129388,0.033099298,0.125376128
gen_fic,2,ck05,0.047418335,0.048472076,0.032665964,0.061116965,0.026343519,0.102212856,0.06743941,0.051633298,0.033719705,0.048472076
gen_fic,2,ck06,0.027097902,0.064685315,0.017482517,0.062062937,0.050699301,0.069055944,0.090034965,0.024475524,0.019230769,0.061188811
gen_fic,2,ck07,0.042619543,0.058212058,0.038461538,0.040540541,0.041580042,0.083160083,0.085239085,0.036382536,0.031185031,0.059251559
gen_fic,2,ck08,0.034151547,0.06189968,0.011739594,0.033084312,0.060832444,0.067235859,0.130202775,0.04375667,0.034151547,0.050160085
gen_fic,2,ck09,0.058370044,0.034140969,0.024229075,0.066079295,0.023127753,0.09030837,0.080396476,0.028634361,0.02092511,0.055066079
gen_fic,2,ck10,0.04,0.067619048,0.043809524,0.054285714,0.040952381,0.103809524,0.085714286,0.036190476,0.019047619,0.068571429
gen_fic,2,ck11,0.025948104,0.036926148,0.043912176,0.033932136,0.021956088,0.067864271,0.061876248,0.036926148,0.016966068,0.023952096
gen_fic,2,ck12,0.021877849,0.040109389,0.019143118,0.030082042,0.035551504,0.070191431,0.08295351,0.045578851,0.018231541,0.04922516
gen_fic,2,ck13,0.011422638,0.031152648,0.004153686,0.010384216,0.018691589,0.031152648,0.063343718,0.015576324,0.013499481,0.024922118
gen_fic,2,ck14,0.015108593,0.042492918,0.016997167,0.029272899,0.040604344,0.055712937,0.081208687,0.03210576,0.018885741,0.050991501
gen_fic,2,ck15,0.04494382,0.048689139,0.02247191,0.059925094,0.031835206,0.097378277,0.062734082,0.047752809,0.025280899,0.04588015
gen_fic,2,ck16,0.031789282,0.042688465,0.025431426,0.044504995,0.036330609,0.069936421,0.068119891,0.032697548,0.016348774,0.047229791
gen_fic,2,ck17,0.031037827,0.034917556,0.032977692,0.047526673,0.027158099,0.0785645,0.075654704,0.047526673,0.015518914,0.040737148
gen_fic,2,ck18,0.032563025,0.042016807,0.026260504,0.029411765,0.055672269,0.058823529,0.089285714,0.030462185,0.037815126,0.050420168
gen_fic,2,ck19,0.012207528,0.064089522,0.01017294,0.019328586,0.042726348,0.041709054,0.110885046,0.013224822,0.02034588,0.06612411
gen_fic,2,ck20,0.027692308,0.057435897,0.022564103,0.02974359,0.058461538,0.064615385,0.117948718,0.026666667,0.023589744,0.059487179
gen_fic,2,ck21,0.023853211,0.029357798,0.031192661,0.026605505,0.024770642,0.093577982,0.07706422,0.040366972,0.013761468,0.047706422
gen_fic,2,ck22,0.021084337,0.047188755,0.017068273,0.027108434,0.031124498,0.058232932,0.06124498,0.036144578,0.020080321,0.040160643
gen_fic,2,ck23,0.018339768,0.047297297,0.017374517,0.02992278,0.028957529,0.057915058,0.085907336,0.030888031,0.022200772,0.037644788
gen_fic,2,ck24,0.041800643,0.025723473,0.043944266,0.038585209,0.031082529,0.082529475,0.046087889,0.038585209,0.027867095,0.034297964
gen_fic,2,ck25,0.02757158,0.044538706,0.024390244,0.032873807,0.040296925,0.064687169,0.088016967,0.037115589,0.031813362,0.047720042
gen_fic,2,ck26,0.013415893,0.042311662,0.018575851,0.019607843,0.027863777,0.04127967,0.063983488,0.021671827,0.015479876,0.030959752
gen_fic,2,ck27,0.005836576,0.045719844,0.010700389,0.023346304,0.022373541,0.045719844,0.09922179,0.022373541,0.015564202,0.064202335
gen_fic,2,ck28,0.015779093,0.046351085,0.018737673,0.012820513,0.029585799,0.042406312,0.055226824,0.026627219,0.026627219,0.029585799
gen_fic,2,ck29,0.014213198,0.062944162,0.017258883,0.034517766,0.042639594,0.054822335,0.087309645,0.03857868,0.030456853,0.042639594
mys_det,2,cl01,0.027748132,0.06189968,0.024546425,0.042689434,0.045891142,0.06189968,0.113127001,0.045891142,0.032017076,0.091782284
mys_det,2,cl02,0.012644889,0.036880927,0.015806112,0.018967334,0.023182297,0.032665964,0.070600632,0.015806112,0.017913593,0.029504742
mys_det,2,cl03,0.034274194,0.028225806,0.025201613,0.044354839,0.026209677,0.07358871,0.067540323,0.033266129,0.019153226,0.04233871
mys_det,2,cl04,0.031991744,0.042311662,0.02373581,0.040247678,0.01754386,0.076367389,0.039215686,0.028895769,0.024767802,0.031991744
mys_det,2,cl05,0.017578125,0.021484375,0.010742188,0.021484375,0.024414063,0.04296875,0.05078125,0.016601563,0.006835938,0.036132813
mys_det,2,cl06,0.022564103,0.02974359,0.021538462,0.041025641,0.022564103,0.072820513,0.056410256,0.04,0.016410256,0.037948718
mys_det,2,cl07,0.01171875,0.043945313,0.010742188,0.025390625,0.029296875,0.048828125,0.06640625,0.033203125,0.017578125,0.049804688
mys_det,2,cl08,0.023099134,0.06641001,0.009624639,0.024061598,0.053897979,0.045235804,0.092396535,0.02213667,0.033686237,0.067372474
mys_det,2,cl09,0.048323471,0.043392505,0.036489152,0.057199211,0.017751479,0.087771203,0.044378698,0.055226824,0.039447732,0.026627219
mys_det,2,cl10,0.015608741,0.058272633,0.012486993,0.026014568,0.031217482,0.055150884,0.072840791,0.036420395,0.027055151,0.042663892
mys_det,2,cl11,0.016614746,0.041536864,0.013499481,0.023883697,0.033229491,0.039460021,0.100726895,0.021806854,0.016614746,0.052959502
mys_det,2,cl12,0.029300567,0.0463138,0.016068053,0.032136106,0.030245747,0.064272212,0.080340265,0.035916824,0.019848771,0.047258979
mys_det,2,cl13,0.025289779,0.043203372,0.020021075,0.044257113,0.030558483,0.066385669,0.065331928,0.025289779,0.02739726,0.046364594
mys_det,2,cl14,0.033460803,0.046845124,0.018164436,0.035372849,0.028680688,0.069789675,0.078393881,0.033460803,0.026768642,0.035372849
mys_det,2,cl15,0.051643192,0.04600939,0.03286385,0.061032864,0.031924883,0.077934272,0.073239437,0.035680751,0.027230047,0.055399061
mys_det,2,cl16,0.031344793,0.018200202,0.012133468,0.041456016,0.010111223,0.053589484,0.063700708,0.024266936,0.018200202,0.027300303
mys_det,2,cl17,0.046182846,0.024505184,0.027332705,0.051837889,0.017907634,0.076343073,0.068803016,0.036757776,0.014137606,0.040527804
mys_det,2,cl18,0.022900763,0.046892039,0.014176663,0.029443839,0.030534351,0.050163577,0.069792803,0.026172301,0.029443839,0.046892039
mys_det,2,cl19,0.030188679,0.032075472,0.012264151,0.039622642,0.021698113,0.056603774,0.054716981,0.021698113,0.025471698,0.016981132
mys_det,2,cl20,0.023877746,0.028653295,0.019102197,0.049665712,0.024832856,0.067812798,0.077363897,0.035339064,0.026743075,0.050620821
mys_det,2,cl21,0.034774436,0.033834586,0.026315789,0.052631579,0.023496241,0.083646617,0.070488722,0.043233083,0.028195489,0.04887218
mys_det,2,cl22,0.031762295,0.032786885,0.025614754,0.038934426,0.016393443,0.06352459,0.069672131,0.033811475,0.016393443,0.038934426
mys_det,2,cl23,0.034518828,0.042887029,0.021966527,0.044979079,0.034518828,0.094142259,0.074267782,0.042887029,0.032426778,0.062761506
mys_det,2,cl24,0.019821606,0.031714569,0.017839445,0.028741328,0.018830525,0.059464817,0.056491576,0.029732408,0.017839445,0.037661051
sci_fi,2,cm01,0.020038168,0.078244275,0.013358779,0.027671756,0.047709924,0.053435115,0.10019084,0.027671756,0.021946565,0.066793893
sci_fi,2,cm02,0.01953125,0.044921875,0.012695313,0.037109375,0.029296875,0.046875,0.087890625,0.032226563,0.017578125,0.046875
sci_fi,2,cm03,0.021119324,0.038014784,0.005279831,0.026399155,0.036958817,0.060190074,0.110876452,0.024287223,0.029567054,0.086589229
sci_fi,2,cm04,0.024415056,0.036622584,0.018311292,0.048830112,0.023397762,0.075279756,0.070193286,0.026449644,0.01525941,0.044760936
sci_fi,2,cm05,0.02003643,0.052823315,0.009107468,0.032786885,0.036429872,0.058287796,0.100182149,0.037340619,0.026411658,0.047358834
sci_fi,2,cm06,0.020100503,0.068341709,0.012060302,0.034170854,0.04321608,0.055276382,0.096482412,0.027135678,0.017085427,0.050251256
adv_west,2,cn01,0.021074816,0.04109589,0.028451001,0.024236038,0.025289779,0.069546891,0.05374078,0.035827187,0.02739726,0.026343519
adv_west,2,cn02,0.033367037,0.027300303,0.024266936,0.038422649,0.023255814,0.086956522,0.053589484,0.052578362,0.023255814,0.03033367
adv_west,2,cn03,0.035818006,0.024201355,0.008712488,0.057115198,0.017424976,0.090029042,0.059051307,0.022265247,0.019361084,0.03678606
adv_west,2,cn04,0.050991501,0.046270066,0.028328612,0.077431539,0.018885741,0.107648725,0.049102927,0.052880076,0.025495751,0.03871577
adv_west,2,cn05,0.028856826,0.051054384,0.022197558,0.039955605,0.033296337,0.065482797,0.055493896,0.045504994,0.028856826,0.048834628
adv_west,2,cn06,0.022058824,0.039915966,0.024159664,0.018907563,0.013655462,0.066176471,0.06512605,0.024159664,0.012605042,0.037815126
adv_west,2,cn07,0.038961039,0.032467532,0.023191095,0.059369202,0.023191095,0.079777365,0.059369202,0.035250464,0.017625232,0.044526902
adv_west,2,cn08,0.035785288,0.070576541,0.026838966,0.042743539,0.03777336,0.084493042,0.092445328,0.036779324,0.026838966,0.040755467
adv_west,2,cn09,0.042381433,0.032290616,0.047426842,0.042381433,0.025227043,0.103935419,0.084762866,0.036326942,0.022199798,0.056508577
adv_west,2,cn10,0.024630542,0.036453202,0.018719212,0.032512315,0.015763547,0.078817734,0.04729064,0.032512315,0.01773399,0.037438424
adv_west,2,cn11,0.046182846,0.048067861,0.019792648,0.062205467,0.030160226,0.092365693,0.073515551,0.039585297,0.031102733,0.064090481
adv_west,2,cn12,0.030563515,0.021012416,0.024832856,0.045845272,0.009551098,0.072588348,0.051575931,0.035339064,0.010506208,0.029608405
adv_west,2,cn13,0.022922636,0.042024833,0.016236867,0.037249284,0.039159503,0.054441261,0.100286533,0.026743075,0.028653295,0.065902579
adv_west,2,cn14,0.039377289,0.032051282,0.013736264,0.039377289,0.023809524,0.06959707,0.061355311,0.021978022,0.032051282,0.035714286
adv_west,2,cn15,0.049085659,0.037536092,0.033686237,0.064485082,0.023099134,0.085659288,0.069297401,0.03946102,0.021174206,0.032723773
adv_west,2,cn16,0.01457976,0.04373928,0.013722127,0.024871355,0.021440823,0.054030875,0.058319039,0.02058319,0.02058319,0.036020583
adv_west,2,cn17,0.024024024,0.028028028,0.016016016,0.028028028,0.024024024,0.036036036,0.07007007,0.019019019,0.026026026,0.05005005
adv_west,2,cn18,0.009060023,0.047565119,0.00792752,0.013590034,0.036240091,0.030577576,0.092865232,0.016987542,0.026047565,0.047565119
adv_west,2,cn19,0.00872093,0.041666667,0.012596899,0.013565891,0.052325581,0.048449612,0.104651163,0.025193798,0.026162791,0.055232558
adv_west,2,cn20,0.036964981,0.043774319,0.026264591,0.043774319,0.034046693,0.097276265,0.062256809,0.034046693,0.029182879,0.035992218
adv_west,2,cn21,0.038610039,0.031853282,0.026061776,0.03957529,0.024131274,0.075289575,0.075289575,0.028957529,0.012548263,0.036679537
adv_west,2,cn22,0.022222222,0.032850242,0.016425121,0.022222222,0.014492754,0.061835749,0.055072464,0.030917874,0.021256039,0.032850242
adv_west,2,cn23,0.053911205,0.034883721,0.030655391,0.067653277,0.040169133,0.095137421,0.090909091,0.030655391,0.023255814,0.043340381
adv_west,2,cn24,0.044,0.042,0.038,0.044,0.034,0.072,0.084,0.038,0.022,0.044
adv_west,2,cn25,0.051353875,0.035480859,0.033613445,0.066293184,0.026143791,0.101774043,0.056022409,0.0410831,0.029878618,0.072829132
adv_west,2,cn26,0.053105311,0.03330333,0.01440144,0.067506751,0.01530153,0.094509451,0.04680468,0.04860486,0.01980198,0.02790279
adv_west,2,cn27,0.018322083,0.036644166,0.022179364,0.020250723,0.027000964,0.052073288,0.056894889,0.024108004,0.015429122,0.043394407
adv_west,2,cn28,0.051818182,0.05,0.056363636,0.06,0.054545455,0.102727273,0.098181818,0.044545455,0.035454545,0.051818182
adv_west,2,cn29,0.018304432,0.032755299,0.024084778,0.014450867,0.016377649,0.049132948,0.049132948,0.012524085,0.010597303,0.023121387
rom_love,2,cp01,0.027777778,0.048611111,0.01984127,0.026785714,0.032738095,0.061507937,0.055555556,0.032738095,0.017857143,0.033730159
rom_love,2,cp02,0.020100503,0.035175879,0.021105528,0.036180905,0.044221106,0.061306533,0.081407035,0.028140704,0.021105528,0.03718593
rom_love,2,cp03,0.020447907,0.05744888,0.023369036,0.032132425,0.06134372,0.063291139,0.104186952,0.032132425,0.026290166,0.068159688
rom_love,2,cp04,0.017148014,0.059566787,0.017148014,0.029783394,0.072202166,0.065884477,0.116425993,0.037906137,0.027978339,0.070397112
rom_love,2,cp05,0.019269777,0.051724138,0.017241379,0.027383367,0.043610548,0.059837728,0.101419878,0.030425963,0.029411765,0.064908722
rom_love,2,cp06,0.016393443,0.06171649,0.013500482,0.025072324,0.050144648,0.051108968,0.096432015,0.023143684,0.025072324,0.051108968
rom_love,2,cp07,0.044193217,0.046248715,0.027749229,0.060637205,0.028776978,0.092497431,0.122302158,0.039054471,0.027749229,0.072970195
rom_love,2,cp08,0.02357985,0.050375134,0.018220793,0.021436227,0.034297964,0.075026795,0.060021436,0.045016077,0.01607717,0.046087889
rom_love,2,cp09,0.025492468,0.054461182,0.030127462,0.030127462,0.041714948,0.067207416,0.07995365,0.028968714,0.022016222,0.040556199
rom_love,2,cp10,0.007172131,0.038934426,0.004098361,0.014344262,0.039959016,0.026639344,0.103483607,0.013319672,0.019467213,0.049180328
rom_love,2,cp11,0.034168565,0.054669704,0.022779043,0.047835991,0.050113895,0.086560364,0.088838269,0.050113895,0.022779043,0.054669704
rom_love,2,cp12,0.017148982,0.058949625,0.018220793,0.022508039,0.058949625,0.048231511,0.096463023,0.028938907,0.026795284,0.058949625
rom_love,2,cp13,0.075471698,0.04468719,0.048659384,0.071499503,0.043694141,0.142999007,0.071499503,0.058589871,0.035749752,0.028798411
rom_love,2,cp14,0.020533881,0.031827515,0.019507187,0.034907598,0.023613963,0.067761807,0.05338809,0.050308008,0.013347023,0.039014374
rom_love,2,cp15,0.031219512,0.054634146,0.014634146,0.033170732,0.037073171,0.071219512,0.062439024,0.045853659,0.025365854,0.035121951
rom_love,2,cp16,0.022346369,0.033519553,0.034450652,0.03538175,0.038175047,0.070763501,0.089385475,0.029795158,0.01396648,0.045623836
rom_love,2,cp17,0.028265107,0.054580897,0.063352827,0.032163743,0.055555556,0.106237817,0.107212476,0.038986355,0.038011696,0.06920078
rom_love,2,cp18,0.032024793,0.036157025,0.022727273,0.024793388,0.02892562,0.066115702,0.06714876,0.033057851,0.025826446,0.026859504
rom_love,2,cp19,0.024784483,0.046336207,0.023706897,0.038793103,0.034482759,0.066810345,0.089439655,0.048491379,0.025862069,0.052801724
rom_love,2,cp20,0.019543974,0.046688382,0.016286645,0.015200869,0.054288817,0.055374593,0.079261672,0.034744843,0.031487514,0.039087948
rom_love,2,cp21,0.015697138,0.059095106,0.013850416,0.023084026,0.029547553,0.049861496,0.06278855,0.035087719,0.020313943,0.041551247
rom_love,2,cp22,0.016163793,0.057112069,0.00862069,0.017241379,0.078663793,0.042025862,0.118534483,0.029094828,0.025862069,0.065732759
rom_love,2,cp23,0.018709074,0.054256314,0.015902713,0.027128157,0.0505145,0.062675398,0.089803555,0.030869972,0.022450889,0.053320861
rom_love,2,cp24,0.02537594,0.022556391,0.016917293,0.02537594,0.008458647,0.04887218,0.033834586,0.023496241,0.009398496,0.022556391
rom_love,2,cp25,0.023379384,0.04357067,0.01487779,0.034006376,0.038257173,0.068012752,0.093517535,0.04250797,0.020191286,0.053134963
rom_love,2,cp26,0.036343612,0.026431718,0.077092511,0.080396476,0.052863436,0.137665198,0.080396476,0.051762115,0.022026432,0.030837004
rom_love,2,cp27,0.017424976,0.037754114,0.017424976,0.027105518,0.029041626,0.042594385,0.070667957,0.028073572,0.015488867,0.060019361
rom_love,2,cp28,0.029411765,0.057809331,0.015212982,0.028397566,0.035496957,0.068965517,0.072008114,0.028397566,0.021298174,0.038539554
rom_love,2,cp29,0.03606853,0.059513075,0.019837692,0.052299369,0.03877367,0.073940487,0.117222723,0.034265104,0.027051398,0.081154193
humor,2,cr01,0.033235582,0.051808407,0.019550342,0.056695992,0.031280547,0.084066471,0.10459433,0.05083089,0.026392962,0.056695992
humor,2,cr02,0.018145161,0.039314516,0.01108871,0.022177419,0.041330645,0.039314516,0.092741935,0.02016129,0.023185484,0.050403226
humor,2,cr03,0.04375,0.06875,0.03125,0.057142857,0.044642857,0.105357143,0.105357143,0.048214286,0.028571429,0.066964286
humor,2,cr04,0.025210084,0.043067227,0.011554622,0.030462185,0.023109244,0.06092437,0.077731092,0.029411765,0.012605042,0.039915966
humor,2,cr05,0.011204482,0.032679739,0.013071895,0.026143791,0.040149393,0.062558357,0.096171802,0.028944911,0.021475257,0.060690943
humor,2,cr06,0.029441624,0.033502538,0.028426396,0.043654822,0.024365482,0.067005076,0.067005076,0.03857868,0.015228426,0.037563452
humor,2,cr07,0.01026694,0.062628337,0.009240246,0.020533881,0.057494867,0.044147844,0.102669405,0.019507187,0.026694045,0.079055441
humor,2,cr08,0.023318386,0.041255605,0.010762332,0.020627803,0.039461883,0.052914798,0.113004484,0.027802691,0.020627803,0.059192825
humor,2,cr09,0.03592233,0.030097087,0.031067961,0.039805825,0.022330097,0.073786408,0.084466019,0.038834951,0.013592233,0.049514563
